"derby_id","installer_one_id","installer_two_id","installer_one_time","installer_two_time"
"11","2","3","35","41"
"12","2","4","22","36"
"13","2","5","53","36"
"14","2","6","46","27"
"15","2","7","33","55"
"16","2","8","24","26"
"17","2","9","32","53"
"18","2","10","32","55"
"19","2","11","33","42"
"20","3","4","43","31"
"21","3","5","53","34"
"22","3","6","45","34"
"23","3","7","51","48"
"24","3","8","34","28"
"25","3","9","42","23"
"26","3","10","23","41"
"27","3","11","43","59"
"28","4","5","60","21"
"29","4","6","24","36"
"30","4","7","36","53"
"31","4","8","40","45"
"32","4","9","20","23"
"33","4","10","20","25"
"34","4","11","29","22"
"35","5","6","40","43"
"36","5","7","30","47"
"37","5","8","58","32"
"38","5","9","30","53"
"39","5","10","52","35"
"40","5","11","45","50"
"41","6","7","42","60"
"42","6","8","32","32"
"43","6","9","32","48"
"44","6","10","38","48"
"45","6","11","26","45"
"46","7","8","44","24"
"47","7","9","50","32"
"48","7","10","34","35"
"49","7","11","59","32"
"50","8","9","44","51"
"51","8","10","37","26"
"52","8","11","27","29"
"53","9","10","32","37"
"54","9","11","57","45"
"55","10","11","28","41"